precise_ID,sample_id,reactor_id,study,fed-batch time [h],date
SF_0001,DDB-I_SF_S1-001_A3,,,,
SF_0002,DDB-I_SF_S1-001_A4_RNAseq,,,,
SF_0003,DDB-I_SF_S1-001_A5_RNAseq,,,,
SF_0004,DDB-I_SF_S1-001_A6_RNAseq,,,,
SF_0005,DDB-I_SF_S1-001_A4_RNAseq2,,,,
SF_0006,DDB-I_SF_S1-001_A8_RNAseq,,,,
SF_0007,DDB-I_SF_S1-001_A7_RNA_seq,,,,
SF_0008,DDB-I_SF_S1-001_B6_RNAseq_Control_1,,,,
SF_0009,DDB-I_SF_S1-001_B6_RNAseq,,,,
SF_0010,DDB-I_SF_S1-001_B6_RNAseq_Control_2,,,,
SF_0011,DDB_SF_S1-001_B7_RNAseq__3,,,,
SF_0012,DDB_SF_S1-001_B7_RNAseq__2,,,,
SF_0013,DDB_SF_S1-001_B7_RNAseq__1,,,,
SF_0014,DDB_I_SF_S1_001_B2,,,,
SF_0015,DDB_I_SF_S1_001_A1,,,,
SF_0016,DDB_I_SF_S1_001_B1,,,,
SF_0017,DDB_I_SF_S1_001_A2,,,,
DDB_0001,DDB_PD_001_RNA_5,,,,
DDB_0002,DDB_PD_001_RNA_6,,,,
DDB_0003,DDB_PD_001_RNA_8,,,,
DDB_0004,DDB_PD_001_RNA_14,,,,
DDB_0005,DDB_PD_001_RNA_20,,,,
DDB_0006,DDB_PD_001_RNA_13,,,,
DDB_0007,DDB_PD_001_RNA_19,,,,
DDB_0008,DDB_PD_001_RNA_3,,,,
DDB_0009,DDB_PD_001_RNA_4,,,,
DDB_0010,DDB_PD_001_RNA_12,,,,
DDB_0011,DDB_PD_001_RNA_18,,,,
DDB_0012,DDB_PD_001_RNA_11,,,,
DDB_0013,DDB_PD_001_RNA_17,,,,
DDB_0014,DDB_PD_001_RNA_1,,,,
DDB_0015,DDB_PD_001_RNA_2,,,,
DDB_0016,DDB_PD_001_RNA_7,,,,
DDB_0017,DDB_PD_001_RNA_10,,,,
DDB_0018,DDB_PD_001_RNA_16,,,,
DDB_0019,DDB_PD_001_RNA_15,,,,
DDB_0020,DDB_PD_001_RNA_9,,,,
DDB_0021,DDB_PD_002_AMBR_3__S03_RNA,DDB_PD_002_AMBR_R3,DDB_PD_002,-7.1,08/06/2020
DDB_0022,DDB_PD_002_AMBR_4__S03_RNA,DDB_PD_002_AMBR_R4,DDB_PD_002,-7.24,08/06/2020
DDB_0023,DDB_PD_002_AMBR_7__S03_RNA,DDB_PD_002_AMBR_R7,DDB_PD_002,-7.09,08/06/2020
DDB_0024,DDB_PD_002_AMBR_8__S03_RNA,DDB_PD_002_AMBR_R8,DDB_PD_002,-7.14,08/06/2020
DDB_0025,DDB_PD_002_AMBR_7__S06_RNA,DDB_PD_002_AMBR_R7,DDB_PD_002,2.93,08/06/2020
DDB_0026,DDB_PD_002_AMBR_8__S06_RNA,DDB_PD_002_AMBR_R8,DDB_PD_002,2.94,08/06/2020
DDB_0027,DDB_PD_002_AMBR_3__S06_RNA,DDB_PD_002_AMBR_R3,DDB_PD_002,7.19,08/06/2020
DDB_0028,DDB_PD_002_AMBR_4__S06_RNA,DDB_PD_002_AMBR_R4,DDB_PD_002,7.18,08/06/2020
DDB_0029,DDB_PD_002_AMBR_7__S11_RNA,DDB_PD_002_AMBR_R7,DDB_PD_002,17.93,08/06/2020
DDB_0030,DDB_PD_002_AMBR_8__S11_RNA,DDB_PD_002_AMBR_R8,DDB_PD_002,17.94,08/06/2020
DDB_0031,DDB_PD_002_AMBR_7__S14_RNA,DDB_PD_002_AMBR_R7,DDB_PD_002,27.43,08/06/2020
DDB_0032,DDB_PD_002_AMBR_8__S14_RNA,DDB_PD_002_AMBR_R8,DDB_PD_002,27.43,08/06/2020
DDB_0033,DDB_PD_002_AMBR_3__S11_RNA,DDB_PD_002_AMBR_R3,DDB_PD_002,52.89,08/06/2020
DDB_0034,DDB_PD_002_AMBR_4__S11_RNA,DDB_PD_002_AMBR_R4,DDB_PD_002,52.88,08/06/2020
DDB_0035,DDB_PD_002_AMBR_3__S14_RNA,DDB_PD_002_AMBR_R3,DDB_PD_002,85.9,08/06/2020
DDB_0036,DDB_PD_002_AMBR_4__S14_RNA,DDB_PD_002_AMBR_R4,DDB_PD_002,85.89,08/06/2020
DDB_0037,DDB_PD_002_AMBR_1__S03_RNA,DDB_PD_002_AMBR_R1,DDB_PD_002,-8.23,08/06/2020
DDB_0038,DDB_PD_002_AMBR_2__S03_RNA,DDB_PD_002_AMBR_R2,DDB_PD_002,-8.54,08/06/2020
DDB_0039,DDB_PD_002_AMBR_5__S03_RNA,DDB_PD_002_AMBR_R5,DDB_PD_002,-8.56,08/06/2020
DDB_0040,DDB_PD_002_AMBR_6__S03_RNA,DDB_PD_002_AMBR_R6,DDB_PD_002,-8.36,08/06/2020
DDB_0041,DDB_PD_002_AMBR_6__S06_RNA,DDB_PD_002_AMBR_R6,DDB_PD_002,2.95,08/06/2020
DDB_0042,DDB_PD_002_AMBR_5__S06_RNA,DDB_PD_002_AMBR_R5,DDB_PD_002,2.92,08/06/2020
DDB_0043,DDB_PD_002_AMBR_1__S06_RNA,DDB_PD_002_AMBR_R1,DDB_PD_002,7.23,08/06/2020
DDB_0044,DDB_PD_002_AMBR_2__S06_RNA,DDB_PD_002_AMBR_R2,DDB_PD_002,7.19,08/06/2020
DDB_0045,DDB_PD_002_AMBR_6__S11_RNA,DDB_PD_002_AMBR_R6,DDB_PD_002,17.95,08/06/2020
DDB_0046,DDB_PD_002_AMBR_5__S11_RNA,DDB_PD_002_AMBR_R5,DDB_PD_002,17.91,08/06/2020
DDB_0047,DDB_PD_002_AMBR_6__S14_RNA,DDB_PD_002_AMBR_R6,DDB_PD_002,27.45,08/06/2020
DDB_0048,DDB_PD_002_AMBR_5__S14_RNA,DDB_PD_002_AMBR_R5,DDB_PD_002,27.41,08/06/2020
DDB_0049,DDB_PD_002_AMBR_1__S11_RNA,DDB_PD_002_AMBR_R1,DDB_PD_002,52.93,08/06/2020
DDB_0050,DDB_PD_002_AMBR_2__S11_RNA,DDB_PD_002_AMBR_R2,DDB_PD_002,52.89,08/06/2020
DDB_0051,DDB_PD_002_AMBR_1__S14_RNA,DDB_PD_002_AMBR_R1,DDB_PD_002,85.93,08/06/2020
DDB_0052,DDB_PD_002_AMBR_2__S14_RNA,DDB_PD_002_AMBR_R2,DDB_PD_002,85.89,08/06/2020
DDB_0053,DDB_PD_003_AMBR_R9__S03_RNA,DDB_PD_003_AMBR_R9,DDB_PD_003,-5.23,07/07/2020
DDB_0054,NEB1_1DDB_PD_003_AMBR_R9_S03_RNA,DDB_PD_003_AMBR_R9,DDB_PD_003,-5.23,07/07/2020
DDB_0055,NEB2_1DDB_PD_003_AMBR_R9_S03_RNA,DDB_PD_003_AMBR_R9,DDB_PD_003,-5.23,07/07/2020
DDB_0056,Qiagen1_1DDB_PD_003_AMBR_R9_S03_RNA,DDB_PD_003_AMBR_R9,DDB_PD_003,-5.23,07/07/2020
DDB_0057,Qiagen2_1DDB_PD_003_AMBR_R9_S03_RNA,DDB_PD_003_AMBR_R9,DDB_PD_003,-5.23,07/07/2020
DDB_0058,RiboRid1_1DDB_PD_003_AMBR_R9_S03_RNA,DDB_PD_003_AMBR_R9,DDB_PD_003,-5.23,07/07/2020
DDB_0059,RiboRid2_1DDB_PD_003_AMBR_R9_S03_RNA,DDB_PD_003_AMBR_R9,DDB_PD_003,-5.23,07/07/2020
DDB_0060,RiboZero1_1DDB_PD_003_AMBR_R9_S03_RNA,DDB_PD_003_AMBR_R9,DDB_PD_003,-5.23,07/07/2020
DDB_0061,RiboZero7_1DDB_PD_003_AMBR_R9_S03_RNA,DDB_PD_003_AMBR_R9,DDB_PD_003,-5.23,07/07/2020
DDB_0062,RiboZero2_1DDB_PD_003_AMBR_R9_S03_RNA,DDB_PD_003_AMBR_R9,DDB_PD_003,-5.23,07/07/2020
DDB_0063,RiboZero8_1DDB_PD_003_AMBR_R9_S03_RNA,DDB_PD_003_AMBR_R9,DDB_PD_003,-5.23,07/07/2020
DDB_0064,DDB_PD_003_AMBR_R10__S03_RNA,DDB_PD_003_AMBR_R10,DDB_PD_003,-5.13,07/07/2020
DDB_0065,DDB_PD_003_AMBR_R10__S07_RNA,DDB_PD_003_AMBR_R10,DDB_PD_003,5.91,07/07/2020
DDB_0066,DDB_PD_003_AMBR_R9__S07_RNA,DDB_PD_003_AMBR_R9,DDB_PD_003,5.94,07/07/2020
DDB_0067,NEB3_9DDB_PD_003_AMBR_R9_S07_RNA,DDB_PD_003_AMBR_R9,DDB_PD_003,5.94,07/07/2020
DDB_0068,NEB4_9DDB_PD_003_AMBR_R9_S07_RNA,DDB_PD_003_AMBR_R9,DDB_PD_003,5.94,07/07/2020
DDB_0069,Qiagen3_9DDB_PD_003_AMBR_R9_S07_RNA,DDB_PD_003_AMBR_R9,DDB_PD_003,5.94,07/07/2020
DDB_0070,Qiagen4_9DDB_PD_003_AMBR_R9_S07_RNA,DDB_PD_003_AMBR_R9,DDB_PD_003,5.94,07/07/2020
DDB_0071,RiboRid3_9DDB_PD_003_AMBR_R9_S07_RNA,DDB_PD_003_AMBR_R9,DDB_PD_003,5.94,07/07/2020
DDB_0072,RiboRid4_9DDB_PD_003_AMBR_R9_S07_RNA,DDB_PD_003_AMBR_R9,DDB_PD_003,5.94,07/07/2020
DDB_0073,RiboZero3_9DDB_PD_003_AMBR_R9_S07_RNA,DDB_PD_003_AMBR_R9,DDB_PD_003,5.94,07/07/2020
DDB_0074,RiboZero9_9DDB_PD_003_AMBR_R9_S07_RNA,DDB_PD_003_AMBR_R9,DDB_PD_003,5.94,07/07/2020
DDB_0075,RiboZero10_9DDB_PD_003_AMBR_R9_S07_RNA,DDB_PD_003_AMBR_R9,DDB_PD_003,5.94,07/07/2020
DDB_0076,RiboZero4_9DDB_PD_003_AMBR_R9_S07_RNA,DDB_PD_003_AMBR_R9,DDB_PD_003,5.94,07/07/2020
DDB_0077,DDB_PD_003_AMBR_R10__S12_RNA,DDB_PD_003_AMBR_R10,DDB_PD_003,20.91,07/07/2020
DDB_0078,DDB_PD_003_AMBR_R9__S12_RNAseq,DDB_PD_003_AMBR_R9,DDB_PD_003,20.94,07/07/2020
DDB_0079,NEB5_17DDB_PD_003_AMBR_R9_S12_RNA,DDB_PD_003_AMBR_R9,DDB_PD_003,20.94,07/07/2020
DDB_0080,NEB6_17DDB_PD_003_AMBR_R9_S12_RNA,DDB_PD_003_AMBR_R9,DDB_PD_003,20.94,07/07/2020
DDB_0081,RiboRid5_17DDB_PD_003_AMBR_R9_S12_RNA,DDB_PD_003_AMBR_R9,DDB_PD_003,20.94,07/07/2020
DDB_0082,RiboRid6_17DDB_PD_003_AMBR_R9_S12_RNA,DDB_PD_003_AMBR_R9,DDB_PD_003,20.94,07/07/2020
DDB_0083,RiboZero11_17DDB_PD_003_AMBR_R9_S12_RNA,DDB_PD_003_AMBR_R9,DDB_PD_003,20.94,07/07/2020
DDB_0084,RiboZero5_17DDB_PD_003_AMBR_R9_S12_RNA,DDB_PD_003_AMBR_R9,DDB_PD_003,20.94,07/07/2020
DDB_0085,RiboZero12_17DDB_PD_003_AMBR_R9_S12_RNA,DDB_PD_003_AMBR_R9,DDB_PD_003,20.94,07/07/2020
DDB_0086,RiboZero6_17DDB_PD_003_AMBR_R9_S12_RNA,DDB_PD_003_AMBR_R9,DDB_PD_003,20.94,07/07/2020
DDB_0087,DDB_PD_003_AMBR_R21__S03_RNA,DDB_PD_003_AMBR_R21,DDB_PD_003,-4.14,07/07/2020
DDB_0088,DDB_PD_003_AMBR_R22__S03_RNA,DDB_PD_003_AMBR_R22,DDB_PD_003,-3.77,07/07/2020
DDB_0089,DDB_PD_003_AMBR_R22__S07_RNA,DDB_PD_003_AMBR_R22,DDB_PD_003,5.96,07/07/2020
DDB_0090,DDB_PD_003_AMBR_R21__S07_RNA,DDB_PD_003_AMBR_R21,DDB_PD_003,5.94,07/07/2020
DDB_0091,DDB_PD_003_AMBR_R22__S12_RNA,DDB_PD_003_AMBR_R22,DDB_PD_003,20.96,07/07/2020
DDB_0092,DDB_PD_003_AMBR_R21__S12_RNA,DDB_PD_003_AMBR_R21,DDB_PD_003,20.94,07/07/2020
DDB_0093,DDB_PD_003_AMBR_R15__S03_RNA,DDB_PD_003_AMBR_R15,DDB_PD_003,-5.24,07/07/2020
DDB_0094,DDB_PD_003_AMBR_R16__S03_RNA,DDB_PD_003_AMBR_R16,DDB_PD_003,-5.22,07/07/2020
DDB_0095,DDB_PD_003_AMBR_R16__S07_RNA,DDB_PD_003_AMBR_R16,DDB_PD_003,5.95,07/07/2020
DDB_0096,DDB_PD_003_AMBR_R15__S07_RNA,DDB_PD_003_AMBR_R15,DDB_PD_003,5.98,07/07/2020
DDB_0097,DDB_PD_003_AMBR_R15__S07_RNAseq,DDB_PD_003_AMBR_R15,DDB_PD_003,5.98,07/07/2020
DDB_0098,DDB_PD_003_AMBR_R16__S12_RNA,DDB_PD_003_AMBR_R16,DDB_PD_003,20.95,07/07/2020
DDB_0099,DDB_PD_003_AMBR_R15__S12_RNA,DDB_PD_003_AMBR_R15,DDB_PD_003,20.98,07/07/2020
DDB_0100,DDB_PD_004_AMBR_R2__S02_RNAseq,DDB_PD_004_AMBR_R2,DDB_PD_004,-8.48,28/07/2020
DDB_0101,DDB_PD_004_AMBR_R7__S02_RNAseq,DDB_PD_004_AMBR_R7,DDB_PD_004,-8.29,28/07/2020
DDB_0102,DDB_PD_004_AMBR_R7__S07_RNAseq,DDB_PD_004_AMBR_R7,DDB_PD_004,5.93,28/07/2020
DDB_0103,DDB_PD_004_AMBR_R7__S07_RNAseq2,DDB_PD_004_AMBR_R7,DDB_PD_004,5.93,28/07/2020
DDB_0104,DDB_PD_004_AMBR_R2__S07_RNAseq,DDB_PD_004_AMBR_R2,DDB_PD_004,5.93,28/07/2020
DDB_0105,DDB_PD_004_AMBR_R7__S10_RNAseq,DDB_PD_004_AMBR_R7,DDB_PD_004,14.93,28/07/2020
DDB_0106,DDB_PD_004_AMBR_R2__S10_RNAseq,DDB_PD_004_AMBR_R2,DDB_PD_004,14.93,28/07/2020
DDB_0107,DDB_PD_004_AMBR_R3__S02_RNAseq,DDB_PD_004_AMBR_R3,DDB_PD_004,-8.71,28/07/2020
DDB_0108,DDB_PD_004_AMBR_R4__S02_RNAseq,DDB_PD_004_AMBR_R4,DDB_PD_004,-9.52,28/07/2020
DDB_0109,DDB_PD_004_AMBR_R3__S07_RNAseq,DDB_PD_004_AMBR_R3,DDB_PD_004,5.99,28/07/2020
DDB_0110,DDB_PD_004_AMBR_R4__S07_RNAseq,DDB_PD_004_AMBR_R4,DDB_PD_004,5.98,28/07/2020
DDB_0111,DDB_PD_004_AMBR_R3__S10_RNAseq,DDB_PD_004_AMBR_R3,DDB_PD_004,14.99,28/07/2020
DDB_0112,DDB_PD_004_AMBR_R3__S10_RNAseq2,DDB_PD_004_AMBR_R3,DDB_PD_004,14.99,28/07/2020
DDB_0113,DDB_PD_004_AMBR_R4__S10_RNAseq,DDB_PD_004_AMBR_R4,DDB_PD_004,14.98,28/07/2020
DDB_0114,DDB_PD_004_AMBR_R1__S02_RNAseq,DDB_PD_004_AMBR_R1,DDB_PD_004,-10.48,28/07/2020
DDB_0115,DDB_PD_004_AMBR_R8__S02_RNAseq,DDB_PD_004_AMBR_R8,DDB_PD_004,-10.25,28/07/2020
DDB_0116,DDB_PD_004_AMBR_R8__S07_RNAseq,DDB_PD_004_AMBR_R8,DDB_PD_004,5.99,28/07/2020
DDB_0117,DDB_PD_004_AMBR_R1__S07_RNAseq,DDB_PD_004_AMBR_R1,DDB_PD_004,5.97,28/07/2020
DDB_0118,DDB_PD_004_AMBR_R8__S10_RNAseq,DDB_PD_004_AMBR_R8,DDB_PD_004,14.99,28/07/2020
DDB_0119,DDB_PD_004_AMBR_R1__S10_RNAseq,DDB_PD_004_AMBR_R1,DDB_PD_004,14.97,28/07/2020
DDB_0120,DDB_PD_004_AMBR_R5__S02_RNAseq,DDB_PD_004_AMBR_R5,DDB_PD_004,-10.16,28/07/2020
DDB_0121,DDB_PD_004_AMBR_R6__S02_RNAseq,DDB_PD_004_AMBR_R6,DDB_PD_004,-9.71,28/07/2020
DDB_0122,DDB_PD_004_AMBR_R6__S07_RNAseq,DDB_PD_004_AMBR_R6,DDB_PD_004,5.97,28/07/2020
DDB_0123,DDB_PD_004_AMBR_R5__S07_RNAseq,DDB_PD_004_AMBR_R5,DDB_PD_004,5.96,28/07/2020
DDB_0124,DDB_PD_004_AMBR_R6__S10_RNAseq,DDB_PD_004_AMBR_R6,DDB_PD_004,14.97,28/07/2020
DDB_0125,DDB_PD_004_AMBR_R5__S10_RNAseq,DDB_PD_004_AMBR_R5,DDB_PD_004,14.96,28/07/2020
DDB_0126,DDB_PD_006_AMBR_R1__S02_RNAseq,DDB_PD_006_AMBR_R1,DDB_PD_005,-8.95,17/08/2020
DDB_0127,DDB_PD_006_AMBR_R2__S02_RNAseq,DDB_PD_006_AMBR_R2,DDB_PD_005,-9,17/08/2020
DDB_0128,DDB_PD_005_AMBR_R7__S02_RNAseq,DDB_PD_005_AMBR_R7,DDB_PD_005,-9.3,17/08/2020
DDB_0129,DDB_PD_005_AMBR_7__S02_RNAseq,DDB_PD_005_AMBR_R7,DDB_PD_005,-9.3,17/08/2020
DDB_0130,DDB_PD_005_AMBR_R8__S02_RNAseq,DDB_PD_005_AMBR_R8,DDB_PD_005,-8.68,17/08/2020
DDB_0131,DDB_PD_005_AMBR_8__S02_RNAseq,DDB_PD_005_AMBR_R8,DDB_PD_005,-8.68,17/08/2020
DDB_0132,DDB_PD_005_AMBR_R8__S07_RNAseq,DDB_PD_005_AMBR_R8,DDB_PD_005,5.96,17/08/2020
DDB_0133,DDB_PD_005_AMBR_R7__S07_RNAseq,DDB_PD_005_AMBR_R7,DDB_PD_005,5.91,17/08/2020
DDB_0134,DDB_PD_005_AMBR_7__S07_RNAseq,DDB_PD_005_AMBR_R7,DDB_PD_005,5.91,17/08/2020
DDB_0135,DDB_PD_005_AMBR_R8__S10_RNAseq,DDB_PD_005_AMBR_R8,DDB_PD_005,14.97,17/08/2020
DDB_0136,DDB_PD_005_AMBR_R7__S10_RNAseq,DDB_PD_005_AMBR_R7,DDB_PD_005,14.91,17/08/2020
DDB_0137,DDB_PD_005_AMBR_R1__S02_RNAseq,DDB_PD_005_AMBR_R1,DDB_PD_005,-8.48,17/08/2020
DDB_0138,DDB_PD_005_AMBR_R2__S02_RNAseq,DDB_PD_005_AMBR_R2,DDB_PD_005,-8.38,17/08/2020
DDB_0139,DDB_PD_005_AMBR_R2__S07_RNAseq,DDB_PD_005_AMBR_R2,DDB_PD_005,6.01,17/08/2020
DDB_0140,DDB_PD_005_AMBR_2__S07_RNAseq,DDB_PD_005_AMBR_R2,DDB_PD_005,6.01,17/08/2020
DDB_0141,DDB_PD_005_AMBR_R1__S07_RNAseq,DDB_PD_005_AMBR_R1,DDB_PD_005,5.99,17/08/2020
DDB_0142,DDB_PD_005_AMBR_R2__S10_RNAseq,DDB_PD_005_AMBR_R2,DDB_PD_005,14.99,17/08/2020
DDB_0143,DDB_PD_005_AMBR_R1__S10_RNAseq,DDB_PD_005_AMBR_R1,DDB_PD_005,14.97,17/08/2020
DDB_0144,DDB_PD_005_AMBR_R5__S02_RNAseq,DDB_PD_005_AMBR_R5,DDB_PD_005,-7.56,17/08/2020
DDB_0145,DDB_PD_005_AMBR_5__S02_RNAseq,DDB_PD_005_AMBR_R5,DDB_PD_005,-7.56,17/08/2020
DDB_0146,DDB_PD_005_AMBR_R6__S02_RNAseq,DDB_PD_005_AMBR_R6,DDB_PD_005,-7.62,17/08/2020
DDB_0147,DDB_PD_005_AMBR_R5__S07_RNAseq,DDB_PD_005_AMBR_R5,DDB_PD_005,5.99,17/08/2020
DDB_0148,DDB_PD_005_AMBR_R6__S07_RNAseq,DDB_PD_005_AMBR_R6,DDB_PD_005,5.98,17/08/2020
DDB_0149,DDB_PD_005_AMBR_6__S07_RNAseq,DDB_PD_005_AMBR_R6,DDB_PD_005,5.98,17/08/2020
DDB_0150,DDB_PD_005_AMBR_R5__S10_RNAseq,DDB_PD_005_AMBR_R5,DDB_PD_005,14.97,17/08/2020
DDB_0151,DDB_PD_005_AMBR_R6__S10_RNAseq,DDB_PD_005_AMBR_R6,DDB_PD_005,14.98,17/08/2020
DDB_0152,DDB_PD_005_AMBR_R3__S02_RNAseq,DDB_PD_005_AMBR_R3,DDB_PD_005,-11.51,17/08/2020
DDB_0153,DDB_PD_005_AMBR_R4__S02_RNAseq,DDB_PD_005_AMBR_R4,DDB_PD_005,-8.73,17/08/2020
DDB_0154,DDB_PD_005_AMBR_R4__S07_RNAseq,DDB_PD_005_AMBR_R4,DDB_PD_005,5.94,17/08/2020
DDB_0155,DDB_PD_005_AMBR_R3__S07_RNAseq,DDB_PD_005_AMBR_R3,DDB_PD_005,5.92,17/08/2020
DDB_0156,DDB_PD_005_AMBR_3__S07_RNAseq,DDB_PD_005_AMBR_R3,DDB_PD_005,5.92,17/08/2020
DDB_0157,DDB_PD_005_AMBR_R4__S10_RNAseq,DDB_PD_005_AMBR_R4,DDB_PD_005,14.95,17/08/2020
DDB_0158,DDB_PD_005_AMBR_R3__S10_RNAseq,DDB_PD_005_AMBR_R3,DDB_PD_005,14.92,17/08/2020
DDB_0159,DDB_PD_006_AMBR_R8__S03_RNAseq,DDB_PD_006_AMBR_R8,DDB_PD_006,-17.96,07/09/2020
DDB_0160,DDB_PD_006_AMBR_R9__S03_RNAseq,DDB_PD_006_AMBR_R9,DDB_PD_006,-24.43,07/09/2020
DDB_0161,DDB_PD_006_AMBR_R8__S09_RNAseq,DDB_PD_006_AMBR_R8,DDB_PD_006,5.93,07/09/2020
DDB_0162,DDB_PD_006_AMBR_R8__S09_RNAseq2,DDB_PD_006_AMBR_R8,DDB_PD_006,5.93,07/09/2020
DDB_0163,DDB_PD_006_AMBR_R4__S02_RNAseq,DDB_PD_006_AMBR_R4,DDB_PD_006,-9.18,07/09/2020
DDB_0164,DDB_PD_006_AMBR_R5__S02_RNAseq,DDB_PD_006_AMBR_R5,DDB_PD_006,-9.15,07/09/2020
DDB_0165,DDB_PD_006_AMBR_R4__S07_RNAseq,DDB_PD_006_AMBR_R4,DDB_PD_006,5.94,07/09/2020
DDB_0166,DDB_PD_006_AMBR_R5__S07_RNAseq,DDB_PD_006_AMBR_R5,DDB_PD_006,5.97,07/09/2020
DDB_0167,DDB_PD_006_AMBR_R5__S07_RNAseq2,DDB_PD_006_AMBR_R5,DDB_PD_006,5.97,07/09/2020
DDB_0168,DDB_PD_006_AMBR_R4__S10_RNAseq,DDB_PD_006_AMBR_R4,DDB_PD_006,14.94,07/09/2020
DDB_0169,DDB_PD_006_AMBR_R5__S10_RNAseq,DDB_PD_006_AMBR_R5,DDB_PD_006,14.98,07/09/2020
DDB_0170,DDB_PD_006_AMBR_R1__S07_RNAseq,DDB_PD_006_AMBR_R1,DDB_PD_006,5.95,07/09/2020
DDB_0171,DDB_PD_006_AMBR_R2__S07_RNAseq,DDB_PD_006_AMBR_R2,DDB_PD_006,5.96,07/09/2020
DDB_0172,DDB_PD_006_AMBR_R1__S10_RNAseq,DDB_PD_006_AMBR_R1,DDB_PD_006,14.96,07/09/2020
DDB_0173,DDB_PD_006_AMBR_R2__S10_RNAseq,DDB_PD_006_AMBR_R2,DDB_PD_006,14.97,07/09/2020
DDB_0174,DDB_PD_006_AMBR_R2__S10_RNAseq2,DDB_PD_006_AMBR_R2,DDB_PD_006,14.97,07/09/2020
DDB_0175,DDB_PD_006_AMBR_R6__S03_RNAseq,DDB_PD_006_AMBR_R6,DDB_PD_006,-7.98,07/09/2020
DDB_0176,DDB_PD_006_AMBR_R7__S03_RNAseq,DDB_PD_006_AMBR_R7,DDB_PD_006,-7.87,07/09/2020
DDB_0177,DDB_PD_006_AMBR_R7__S07_RNAseq,DDB_PD_006_AMBR_R7,DDB_PD_006,5.98,07/09/2020
DDB_0178,DDB_PD_006_AMBR_R7__S07_RNAseq2,DDB_PD_006_AMBR_R7,DDB_PD_006,5.98,07/09/2020
DDB_0179,DDB_PD_006_AMBR_R6__S07_RNAseq,DDB_PD_006_AMBR_R6,DDB_PD_006,5.93,07/09/2020
DDB_0180,DDB_PD_006_AMBR_R6__S07_RNAseq2,DDB_PD_006_AMBR_R6,DDB_PD_006,5.93,07/09/2020
DDB_0181,DDB_PD_006_AMBR_R7__S10_RNAseq,DDB_PD_006_AMBR_R7,DDB_PD_006,14.97,07/09/2020
DDB_0182,DDB_PD_006_AMBR_R6__S10_RNAseq,DDB_PD_006_AMBR_R6,DDB_PD_006,14.94,07/09/2020
DDB_0183,DDB_PD_009_AMBR_R8__S02_RNAseq,DDB_PD_009_AMBR_R8,DDB_PD_009,-7.89,22/09/2020
DDB_0184,DDB_PD_009_AMBR_R9__S02_RNAseq,DDB_PD_009_AMBR_R9,DDB_PD_009,-8.02,22/09/2020
DDB_0185,DDB_PD_009_AMBR_R8__S07_RNAseq,DDB_PD_009_AMBR_R8,DDB_PD_009,5.94,22/09/2020
DDB_0186,DDB_PD_009_AMBR_R9__S07_RNAseq,DDB_PD_009_AMBR_R9,DDB_PD_009,5.93,22/09/2020
DDB_0187,DDB_PD_009_AMBR_R8__S10_RNA,DDB_PD_009_AMBR_R8,DDB_PD_009,14.97,22/09/2020
DDB_0188,DDB_PD_009_AMBR_R9__S10_RNAseq,DDB_PD_009_AMBR_R9,DDB_PD_009,14.93,22/09/2020
DDB_0189,DDB_PD_009_AMBR_R10__S03_RNAseq,DDB_PD_009_AMBR_R10,DDB_PD_009,-15.82,22/09/2020
DDB_0190,DDB_PD_009_AMBR_R11__S03_RNAseq,DDB_PD_009_AMBR_R11,DDB_PD_009,-19.3,22/09/2020
DDB_0191,DDB_PD_009_AMBR_R10__S09_RNAseq,DDB_PD_009_AMBR_R10,DDB_PD_009,7.72,22/09/2020
DDB_0192,DDB_PD_009_AMBR_R11__S09_RNAseq,DDB_PD_009_AMBR_R11,DDB_PD_009,7.48,22/09/2020
DDB_0193,DDB_PD_009_AMBR_R11__S11_RNA,DDB_PD_009_AMBR_R11,DDB_PD_009,16.41,22/09/2020
DDB_0194,DDB_PD_009_AMBR_R4__S02_RNAseq,DDB_PD_009_AMBR_R4,DDB_PD_009,-8.65,22/09/2020
DDB_0195,DDB_PD_009_AMBR_R5__S02_RNAseq,DDB_PD_009_AMBR_R5,DDB_PD_009,-8.95,22/09/2020
DDB_0196,DDB_PD_009_AMBR_R4__S07_RNAseq,DDB_PD_009_AMBR_R4,DDB_PD_009,5.98,22/09/2020
DDB_0197,DDB_PD_009_AMBR_R5__S07_RNAseq,DDB_PD_009_AMBR_R5,DDB_PD_009,5.92,22/09/2020
DDB_0198,DDB_PD_009_AMBR_R4__S10_RNAseq,DDB_PD_009_AMBR_R4,DDB_PD_009,14.98,22/09/2020
DDB_0199,DDB_PD_009_AMBR_R5__S10_RNAseq,DDB_PD_009_AMBR_R5,DDB_PD_009,14.92,22/09/2020
DDB_0200,DDB_PD_009_AMBR_R5__S10_RNAseq2,DDB_PD_009_AMBR_R5,DDB_PD_009,14.92,22/09/2020
DDB_0201,DDB_PD_009_AMBR_R1__S02_RNAseq,DDB_PD_009_AMBR_R1,DDB_PD_009,-8.56,22/09/2020
DDB_0202,DDB_PD_009_AMBR_R2__S02_RNAseq,DDB_PD_009_AMBR_R2,DDB_PD_009,-8.79,22/09/2020
DDB_0203,DDB_PD_009_AMBR_R1__S07_RNAseq,DDB_PD_009_AMBR_R1,DDB_PD_009,5.98,22/09/2020
DDB_0204,DDB_PD_009_AMBR_R2__S07_RNAseq,DDB_PD_009_AMBR_R2,DDB_PD_009,5.99,22/09/2020
DDB_0205,DDB_PD_009_AMBR_R1__S10_RNAseq,DDB_PD_009_AMBR_R1,DDB_PD_009,14.98,22/09/2020
DDB_0206,DDB_PD_009_AMBR_R2__S10_RNAseq,DDB_PD_009_AMBR_R2,DDB_PD_009,14.99,22/09/2020
DDB_0207,DDB_PD_009_AMBR_R6__S02_RNAseq,DDB_PD_009_AMBR_R6,DDB_PD_009,-8.41,22/09/2020
DDB_0208,DDB_PD_009_AMBR_R7__S02_RNAseq,DDB_PD_009_AMBR_R7,DDB_PD_009,-8.71,22/09/2020
DDB_0209,DDB_PD_009_AMBR_R6__S07_RNAseq,DDB_PD_009_AMBR_R6,DDB_PD_009,5.98,22/09/2020
DDB_0210,DDB_PD_009_AMBR_R7__S07_RNAseq,DDB_PD_009_AMBR_R7,DDB_PD_009,5.96,22/09/2020
DDB_0211,DDB_PD_009_AMBR_R6__S10_RNAseq,DDB_PD_009_AMBR_R6,DDB_PD_009,14.98,22/09/2020
DDB_0212,DDB_PD_009_AMBR_R7__S10_RNA,DDB_PD_009_AMBR_R7,DDB_PD_009,14.96,22/09/2020
DDB_0213,DDB_PD_019_1L_R28__S05_RNAseq,DDB_PD_019_1L_R28,DDB_PD_019,8.82,26/01/2021
DDB_0214,DDB_PD_019_1L_R28__S06_RNAseq,DDB_PD_019_1L_R28,DDB_PD_019,10.75,26/01/2021
DDB_0215,DDB_PD_019_1L_R28__S07_RNAseq,DDB_PD_019_1L_R28,DDB_PD_019,12.75,26/01/2021
DDB_0216,DDB_PD_019_1L_R28__S08_RNAseq,DDB_PD_019_1L_R28,DDB_PD_019,14.86,26/01/2021
DDB_0217,DDB_PD_019_1L_R28__S09_RNAseq,DDB_PD_019_1L_R28,DDB_PD_019,16.67,26/01/2021
DDB_0218,DDB_PD_019_1L_R28__S10_RNAseq,DDB_PD_019_1L_R28,DDB_PD_019,19.8,26/01/2021
DDB_0219,DDB_PD_022_30L_R40__S03_RNAseq,DDB_PD_022_30L_R40,DDB_PD_022,-3.15,02/09/2021
DDB_0220,DDB_PD_022_30L_R40__S06_RNAseq,DDB_PD_022_30L_R40,DDB_PD_022,3.51,02/09/2021
DDB_0221,DDB_PD_022_30L_R40__S11_RNAseq,DDB_PD_022_30L_R40,DDB_PD_022,11.82,02/09/2021
DDB_0222,DDB_PD_036_AMBR_R15_S02_RNA_seq,DDB_PD_036_AMBR_R15,DDB_PD_036,-7.91,24/04/2021
DDB_0223,DDB_PD_036_AMBR_R16_S10_RNA_seq,DDB_PD_036_AMBR_R16,DDB_PD_036,15.95,24/04/2021
DDB_0224,DDB_PD_036_AMBR_R15_S10_RNA_seq,DDB_PD_036_AMBR_R15,DDB_PD_036,15.83,24/04/2021
DDB_0225,DDB_PD_036_AMBR_R13_S02_RNA_seq,DDB_PD_036_AMBR_R13,DDB_PD_036,-7.9,24/04/2021
DDB_0226,DDB_PD_036_AMBR_R14_S02_RNA_seq,DDB_PD_036_AMBR_R14,DDB_PD_036,-7.42,24/04/2021
DDB_0227,DDB_PD_036_AMBR_R14_S10_RNA_seq,DDB_PD_036_AMBR_R14,DDB_PD_036,15.92,24/04/2021
DDB_0228,DDB_PD_036_AMBR_R13_S10_RNA_seq,DDB_PD_036_AMBR_R13,DDB_PD_036,15.84,24/04/2021
DDB_0229,DDB_PD_023_AMBR_R1__S02_RNAseq,DDB_PD_023_AMBR_R1,DDB_PD_023,-10.31,10/02/2021
DDB_0230,DDB_PD_023_AMBR_R2__S02_RNAseq,DDB_PD_023_AMBR_R2,DDB_PD_023,-10.18,10/02/2021
DDB_0231,DDB_PD_023_AMBR_R3__S02_RNAseq,DDB_PD_023_AMBR_R3,DDB_PD_023,-10.3,10/02/2021
DDB_0232,DDB_PD_023_AMBR_R4__S02_RNAseq,DDB_PD_023_AMBR_R4,DDB_PD_023,-10.43,10/02/2021
DDB_0233,DDB_PD_023_AMBR_R2__S07_RNAseq,DDB_PD_023_AMBR_R2,DDB_PD_023,6.04,10/02/2021
DDB_0234,DDB_PD_023_AMBR_R1__S07_RNAseq,DDB_PD_023_AMBR_R1,DDB_PD_023,5.97,10/02/2021
DDB_0235,DDB_PD_023_AMBR_R3__S07_RNAseq,DDB_PD_023_AMBR_R3,DDB_PD_023,5.98,10/02/2021
DDB_0236,DDB_PD_023_AMBR_R4__S07_RNAseq,DDB_PD_023_AMBR_R4,DDB_PD_023,5.98,10/02/2021
DDB_0237,DDB_PD_023_AMBR_R1__S10_RNAseq,DDB_PD_023_AMBR_R1,DDB_PD_023,15.01,10/02/2021
DDB_0238,DDB_PD_023_AMBR_R2__S10_RNAseq,DDB_PD_023_AMBR_R2,DDB_PD_023,15.14,10/02/2021
DDB_0239,DDB_PD_023_AMBR_R3__S10_RNAseq,DDB_PD_023_AMBR_R3,DDB_PD_023,15.02,10/02/2021
DDB_0240,DDB_PD_023_AMBR_R4__S10_RNAseq,DDB_PD_023_AMBR_R4,DDB_PD_023,14.97,10/02/2021
DDB_0241,DDB_PD_036_AMBR_R19_S02_RNA_seq,DDB_PD_036_AMBR_R19,DDB_PD_036,-7.34,24/04/2021
DDB_0242,DDB_PD_036_AMBR_R20_S02_RNA_seq,DDB_PD_036_AMBR_R20,DDB_PD_036,-7.64,24/04/2021
DDB_0243,DDB_PD_036_AMBR_R24_S02_RNA_seq,DDB_PD_036_AMBR_R24,DDB_PD_036,-7.68,24/04/2021
DDB_0244,DDB_PD_036_AMBR_R19_S10_RNA_seq,DDB_PD_036_AMBR_R19,DDB_PD_036,16.14,24/04/2021
DDB_0245,DDB_PD_036_AMBR_R20_S10_RNA_seq,DDB_PD_036_AMBR_R20,DDB_PD_036,15.84,24/04/2021
DDB_0246,DDB_PD_036_AMBR_R23_S02_RNA_seq,DDB_PD_036_AMBR_R23,DDB_PD_036,-8.21,24/04/2021
DDB_0247,DDB_PD_036_AMBR_R23_S07_RNA_seq,DDB_PD_036_AMBR_R23,DDB_PD_036,5.97,24/04/2021
DDB_0248,DDB_PD_036_AMBR_R17_S02_RNA_seq,DDB_PD_036_AMBR_R17,DDB_PD_036,-7.88,24/04/2021
DDB_0249,DDB_PD_036_AMBR_R18_S02_RNA_seq,DDB_PD_036_AMBR_R18,DDB_PD_036,-7.78,24/04/2021
DDB_0250,DDB_PD_036_AMBR_R21_S02_RNA_seq,DDB_PD_036_AMBR_R21,DDB_PD_036,-8.53,24/04/2021
DDB_0251,DDB_PD_036_AMBR_R22_S02_RNA_seq,DDB_PD_036_AMBR_R22,DDB_PD_036,-8.4,24/04/2021
DDB_0252,DDB_PD_036_AMBR_R22_S07_RNA_seq,DDB_PD_036_AMBR_R22,DDB_PD_036,6.07,24/04/2021
DDB_0253,DDB_PD_036_AMBR_R21_S07_RNA_seq,DDB_PD_036_AMBR_R21,DDB_PD_036,6.03,24/04/2021
DDB_0254,DDB_PD_036_AMBR_R17_S10_RNA_seq,DDB_PD_036_AMBR_R17,DDB_PD_036,15.91,24/04/2021
DDB_0255,DDB_PD_036_AMBR_R18_S10_RNA_seq,DDB_PD_036_AMBR_R18,DDB_PD_036,16.01,24/04/2021
DDB_0256,DDB_PD_038_AMBR_R7_S03_RNA_seq,DDB_PD_038_AMBR_R7,DDB_PD_038,-4.1,26/04/2021
DDB_0257,DDB_PD_038_AMBR_R8_S03_RNA_seq,DDB_PD_038_AMBR_R8,DDB_PD_038,-3.99,26/04/2021
DDB_0258,DDB_PD_038_AMBR_R7_S07_RNA_seq,DDB_PD_038_AMBR_R7,DDB_PD_038,3,26/04/2021
DDB_0259,DDB_PD_038_AMBR_R8_S07_RNA_seq,DDB_PD_038_AMBR_R8,DDB_PD_038,3.04,26/04/2021
DDB_0260,DDB_PD_038_AMBR_R7_S11_RNA_seq,DDB_PD_038_AMBR_R7,DDB_PD_038,13.01,26/04/2021
DDB_0261,DDB_PD_038_AMBR_R8_S11_RNA_seq,DDB_PD_038_AMBR_R8,DDB_PD_038,13.02,26/04/2021
DDB_0262,DDB_PD_038_AMBR_R9_S03_RNA_seq,DDB_PD_038_AMBR_R9,DDB_PD_038,-5.33,26/04/2021
DDB_0263,DDB_PD_038_AMBR_R10_S03_RNA_seq,DDB_PD_038_AMBR_R10,DDB_PD_038,-5.23,26/04/2021
DDB_0264,DDB_PD_038_AMBR_R10_S07_RNA_seq,DDB_PD_038_AMBR_R10,DDB_PD_038,3,26/04/2021
DDB_0265,DDB_PD_038_AMBR_R9_S07_RNA_seq,DDB_PD_038_AMBR_R9,DDB_PD_038,3,26/04/2021
DDB_0266,DDB_PD_038_AMBR_R11_S03_RNA_seq,DDB_PD_038_AMBR_R11,DDB_PD_038,-4.52,26/04/2021
DDB_0267,DDB_PD_038_AMBR_R12_S03_RNA_seq,DDB_PD_038_AMBR_R12,DDB_PD_038,-4.42,26/04/2021
DDB_0268,DDB_PD_038_AMBR_R12_S07_RNA_seq,DDB_PD_038_AMBR_R12,DDB_PD_038,3.02,26/04/2021
DDB_0269,DDB_PD_038_AMBR_R11_S07_RNA_seq,DDB_PD_038_AMBR_R11,DDB_PD_038,3.02,26/04/2021
DDB_0270,DDB_PD_038_AMBR_R12_S11_RNA_seq,DDB_PD_038_AMBR_R12,DDB_PD_038,13.08,26/04/2021
DDB_0271,DDB_PD_038_AMBR_R11_S11_RNA_seq,DDB_PD_038_AMBR_R11,DDB_PD_038,13.05,26/04/2021
DDB_0272,DDB_PD_038_AMBR_R5_S03_RNA_seq,DDB_PD_038_AMBR_R5,DDB_PD_038,-6.2,26/04/2021
DDB_0273,DDB_PD_038_AMBR_R6_S03_RNA_seq,DDB_PD_038_AMBR_R6,DDB_PD_038,-6.25,26/04/2021
DDB_0274,DDB_PD_038_AMBR_R5_S07_RNA_seq,DDB_PD_038_AMBR_R5,DDB_PD_038,3.13,26/04/2021
DDB_0275,DDB_PD_038_AMBR_R6_S07_RNA_seq,DDB_PD_038_AMBR_R6,DDB_PD_038,3.1,26/04/2021
DDB_0276,DDB_PD_038_AMBR_R5_S11_RNA_seq,DDB_PD_038_AMBR_R5,DDB_PD_038,13.05,26/04/2021
DDB_0277,DDB_PD_038_AMBR_R6_S11_RNA_seq,DDB_PD_038_AMBR_R6,DDB_PD_038,13,26/04/2021
DDB_0278,DDB_PD_045_AMBR_R17__S1_RNAseq,DDB_PD_045_AMBR_R17,DDB_PD_045,-9.57,11/06/2021
DDB_0279,DDB_PD_045_AMBR_R18__S1_RNAseq,DDB_PD_045_AMBR_R18,DDB_PD_045,-9.78,11/06/2021
DDB_0280,DDB_PD_045_AMBR_R13__S1_RNAseq,DDB_PD_045_AMBR_R13,DDB_PD_045,-5.46,11/06/2021
DDB_0281,DDB_PD_045_AMBR_R14__S1_RNAseq,DDB_PD_045_AMBR_R14,DDB_PD_045,-5.64,11/06/2021
DDB_0282,DDB_PD_045_AMBR_R19__S1_RNAseq,DDB_PD_045_AMBR_R19,DDB_PD_045,-5.55,11/06/2021
DDB_0283,DDB_PD_045_AMBR_R20__S1_RNAseq,DDB_PD_045_AMBR_R20,DDB_PD_045,-5.96,11/06/2021
DDB_0284,DDB_PD_045_AMBR_R11__S1_RNAseq,DDB_PD_045_AMBR_R11,DDB_PD_045,-7.91,11/06/2021
DDB_0285,DDB_PD_045_AMBR_R12__S1_RNAseq,DDB_PD_045_AMBR_R12,DDB_PD_045,-7.89,11/06/2021
DDB_0286,DDB_PD_045_AMBR_R01__S1_RNAseq,DDB_PD_045_AMBR_R1,DDB_PD_045,-7.61,11/06/2021
DDB_0287,DDB_PD_045_AMBR_R02__S1_RNAseq,DDB_PD_045_AMBR_R2,DDB_PD_045,-7.39,11/06/2021
DDB_0288,DDB_PD_045_AMBR_R15__S1_RNAseq,DDB_PD_045_AMBR_R15,DDB_PD_045,-5.42,11/06/2021
DDB_0289,DDB_PD_045_AMBR_R16__S1_RNAseq,DDB_PD_045_AMBR_R16,DDB_PD_045,-5.49,11/06/2021
DDB_0290,DDB_PD_045_AMBR_R07__S1_RNAseq,DDB_PD_045_AMBR_R7,DDB_PD_045,-5.78,11/06/2021
DDB_0291,DDB_PD_045_AMBR_R08__S1_RNAseq,DDB_PD_045_AMBR_R8,DDB_PD_045,-5.8,11/06/2021
DDB_0292,DDB_PD_045_AMBR_R05__S1_RNAseq,DDB_PD_045_AMBR_R5,DDB_PD_045,-6.29,11/06/2021
DDB_0293,DDB_PD_045_AMBR_R06__S1_RNAseq,DDB_PD_045_AMBR_R6,DDB_PD_045,-6.07,11/06/2021
DDB_0294,DDB_PD_045_AMBR_R23__S1_RNAseq,DDB_PD_045_AMBR_R23,DDB_PD_045,-6.81,11/06/2021
DDB_0295,DDB_PD_045_AMBR_R24__S1_RNAseq,DDB_PD_045_AMBR_R24,DDB_PD_045,-6.49,11/06/2021
DDB_0296,DDB_PD_056_AMBR_R9__S03_RNAseq,DDB_PD_056_AMBR_R9,DDB_PD_056,-6.73,19/07/2021
DDB_0297,DDB_PD_056_AMBR_R11__S03_RNAseq,DDB_PD_056_AMBR_R11,DDB_PD_056,-6.98,19/07/2021
DDB_0298,DDB_PD_056_AMBR_R12__S03_RNAseq,DDB_PD_056_AMBR_R12,DDB_PD_056,-6.65,19/07/2021
DDB_0299,DDB_PD_056_AMBR_R10__S03_RNAseq,DDB_PD_056_AMBR_R10,DDB_PD_056,-6.79,19/07/2021
DDB_0300,DDB_PD_056_AMBR_R9__S13_RNAseq,DDB_PD_056_AMBR_R9,DDB_PD_056,19.92,19/07/2021
DDB_0301,DDB_PD_056_AMBR_R10__S13_RNAseq,DDB_PD_056_AMBR_R10,DDB_PD_056,19.93,19/07/2021
DDB_0302,DDB_PD_063_AMBR_R3__S03_RNAseq,DDB_PD_063_AMBR_R3,DDB_PD_063,-3.81,01/09/2021
DDB_0303,DDB_PD_063_AMBR_R4__S03_RNAseq,DDB_PD_063_AMBR_R4,DDB_PD_063,-4.03,01/09/2021
DDB_0304,DDB_PD_063_AMBR_R3__S07_RNAseq,DDB_PD_063_AMBR_R3,DDB_PD_063,4.95,01/09/2021
DDB_0305,DDB_PD_063_AMBR_R4__S07_RNAseq,DDB_PD_063_AMBR_R4,DDB_PD_063,5,01/09/2021
DDB_0306,DDB_PD_063_AMBR_R3__S11_RNAseq,DDB_PD_063_AMBR_R3,DDB_PD_063,14.95,01/09/2021
DDB_0307,DDB_PD_063_AMBR_R4__S11_RNAseq,DDB_PD_063_AMBR_R4,DDB_PD_063,15.03,01/09/2021
DDB_0308,DDB_PD_063_AMBR_R1__S03_RNAseq,DDB_PD_063_AMBR_R1,DDB_PD_063,-1.98,01/09/2021
DDB_0309,DDB_PD_063_AMBR_R1__S06_RNAseq,DDB_PD_063_AMBR_R1,DDB_PD_063,5.79,01/09/2021
DDB_0310,DDB_PD_063_AMBR_R1__S10_RNAseq,DDB_PD_063_AMBR_R1,DDB_PD_063,14.99,01/09/2021
DDB_0311,DDB_PD_065_AMBR_R22__S03_RNAseq,DDB_PD_065_AMBR_R22,DDB_PD_065,-7.38,10/09/2021
DDB_0312,DDB_PD_065_AMBR_R23__S03_RNAseq,DDB_PD_065_AMBR_R23,DDB_PD_065,-7.69,10/09/2021
DDB_0313,DDB_PD_065_AMBR_R22__S10_RNAseq,DDB_PD_065_AMBR_R22,DDB_PD_065,14.97,10/09/2021
DDB_0314,DDB_PD_065_AMBR_R23__S10_RNAseq,DDB_PD_065_AMBR_R23,DDB_PD_065,14.97,10/09/2021
DDB_0315,DDB_PD_065_AMBR_R20__S03_RNAseq,DDB_PD_065_AMBR_R20,DDB_PD_065,-12.82,10/09/2021
DDB_0316,DDB_PD_065_AMBR_R20__S10_RNAseq,DDB_PD_065_AMBR_R20,DDB_PD_065,14.98,10/09/2021
DDB_0317,DDB_PD_065_AMBR_R21__S10_RNAseq,DDB_PD_065_AMBR_R21,DDB_PD_065,15.02,10/09/2021
DDB_0318,DDB_PD_065_AMBR_R14__S03_RNAseq,DDB_PD_065_AMBR_R14,DDB_PD_065,-9.36,10/09/2021
DDB_0319,DDB_PD_065_AMBR_R15__S03_RNAseq,DDB_PD_065_AMBR_R15,DDB_PD_065,-9.41,10/09/2021
DDB_0320,DDB_PD_065_AMBR_R14__S10_RNAseq,DDB_PD_065_AMBR_R14,DDB_PD_065,14.96,10/09/2021
DDB_0321,DDB_PD_065_AMBR_R15__S10_RNAseq,DDB_PD_065_AMBR_R15,DDB_PD_065,14.96,10/09/2021
DDB_0322,DDB_PD_065_AMBR_R18__S03_RNAseq,DDB_PD_065_AMBR_R18,DDB_PD_065,-7.49,10/09/2021
DDB_0323,DDB_PD_065_AMBR_R19__S03_RNAseq,DDB_PD_065_AMBR_R19,DDB_PD_065,-7.44,10/09/2021
DDB_0324,DDB_PD_065_AMBR_R19__S10_RNAseq,DDB_PD_065_AMBR_R19,DDB_PD_065,14.99,10/09/2021
DDB_0325,DDB_PD_065_AMBR_R18__S10_RNAseq,DDB_PD_065_AMBR_R18,DDB_PD_065,15.05,10/09/2021
DDB_0326,DDB_PD_065_AMBR_R16__S03_RNAseq,DDB_PD_065_AMBR_R16,DDB_PD_065,-8.1,10/09/2021
DDB_0327,DDB_PD_065_AMBR_R17__S03_RNAseq,DDB_PD_065_AMBR_R17,DDB_PD_065,-8.31,10/09/2021
DDB_0328,DDB_PD_065_AMBR_R16__S10_RNAseq,DDB_PD_065_AMBR_R16,DDB_PD_065,14.98,10/09/2021
DDB_0329,DDB_PD_065_AMBR_R17__S10_RNAseq,DDB_PD_065_AMBR_R17,DDB_PD_065,14.98,10/09/2021
DDB_0330,DDB_PD_065_AMBR_R13__S03_RNAseq,DDB_PD_065_AMBR_R13,DDB_PD_065,-7.21,10/09/2021
DDB_0331,DDB_PD_065_AMBR_R13__S06_RNAseq,DDB_PD_065_AMBR_R13,DDB_PD_065,2.97,10/09/2021
DDB_0332,DDB_PD_065_AMBR_R13__S08_RNAseq,DDB_PD_065_AMBR_R13,DDB_PD_065,8.97,10/09/2021
DDB_0333,DDB_PD_065_AMBR_R13__S10_RNAseq,DDB_PD_065_AMBR_R13,DDB_PD_065,14.97,10/09/2021
DDB_0334,DDB_PD_072_AMBR_R08__S05_RNAseq,DDB_PD_072_AMBR_R8,DDB_PD_072,7.99,23/09/2021
DDB_0335,DDB_PD_072_AMBR_R07__S05_RNAseq,DDB_PD_072_AMBR_R7,DDB_PD_072,7.97,23/09/2021
DDB_0336,DDB_PD_072_AMBR_R08__S07_RNAseq,DDB_PD_072_AMBR_R8,DDB_PD_072,15.99,23/09/2021
DDB_0337,DDB_PD_072_AMBR_R07__S07_RNAseq,DDB_PD_072_AMBR_R7,DDB_PD_072,15.97,23/09/2021
DDB_0338,DDB_PD_072_AMBR_R08__S09_RNAseq,DDB_PD_072_AMBR_R8,DDB_PD_072,22.99,23/09/2021
DDB_0339,DDB_PD_072_AMBR_R07__S09_RNAseq,DDB_PD_072_AMBR_R7,DDB_PD_072,22.97,23/09/2021
DDB_0340,DDB_PD_074_AMBR_R12__S01_RNAseq,DDB_PD_074_AMBR_R12,DDB_PD_074,-10.33,28/09/2021
DDB_0341,DDB_PD_074_AMBR_R12__S06_RNAseq,DDB_PD_074_AMBR_R12,DDB_PD_074,7.97,28/09/2021
DDB_0342,DDB_PD_074_AMBR_R12__S08_RNAseq,DDB_PD_074_AMBR_R12,DDB_PD_074,15.97,28/09/2021
DDB_0343,DDB_PD_074_AMBR_R12__S10_RNAseq,DDB_PD_074_AMBR_R12,DDB_PD_074,23.97,28/09/2021
DDB_0344,DDB_PD_087_AMBR_R1__S03_RNAseq,DDB_PD_087_AMBR_R1,DDB_PD_087,-6.32,17/12/2021
DDB_0345,DDB_PD_087_AMBR_R2__S03_RNAseq,DDB_PD_087_AMBR_R2,DDB_PD_087,-7.45,17/12/2021
DDB_0346,DDB_PD_087_AMBR_R1__S06_RNAseq,DDB_PD_087_AMBR_R1,DDB_PD_087,2.91,17/12/2021
DDB_0347,DDB_PD_087_AMBR_R2__S06_RNAseq,DDB_PD_087_AMBR_R2,DDB_PD_087,2.95,17/12/2021
DDB_0348,DDB_PD_087_AMBR_R1__S10_RNAseq,DDB_PD_087_AMBR_R1,DDB_PD_087,12.9,17/12/2021
DDB_0349,DDB_PD_087_AMBR_R2__S10_RNAseq,DDB_PD_087_AMBR_R2,DDB_PD_087,12.98,17/12/2021
DDB_0350,DDB_PD_087_AMBR_R5__S03_RNAseq,DDB_PD_087_AMBR_R5,DDB_PD_087,-5.91,17/12/2021
DDB_0351,DDB_PD_087_AMBR_R6__S03_RNAseq,DDB_PD_087_AMBR_R6,DDB_PD_087,-5.87,17/12/2021
DDB_0352,DDB_PD_087_AMBR_R5__S05_RNAseq,DDB_PD_087_AMBR_R5,DDB_PD_087,2.92,17/12/2021
DDB_0353,DDB_PD_087_AMBR_R6__S05_RNAseq,DDB_PD_087_AMBR_R6,DDB_PD_087,2.96,17/12/2021
DDB_0354,DDB_PD_087_AMBR_R5__S09_RNAseq,DDB_PD_087_AMBR_R5,DDB_PD_087,12.91,17/12/2021
DDB_0355,DDB_PD_087_AMBR_R6__S09_RNAseq,DDB_PD_087_AMBR_R6,DDB_PD_087,12.95,17/12/2021
DDB_0356,DDB_PD_087_AMBR_R3__S03_RNAseq,DDB_PD_087_AMBR_R3,DDB_PD_087,-7.76,17/12/2021
DDB_0357,DDB_PD_087_AMBR_R4__S03_RNAseq,DDB_PD_087_AMBR_R4,DDB_PD_087,-6.85,17/12/2021
DDB_0358,DDB_PD_087_AMBR_R3__S06_RNAseq,DDB_PD_087_AMBR_R3,DDB_PD_087,2.98,17/12/2021
DDB_0359,DDB_PD_087_AMBR_R4__S06_RNAseq,DDB_PD_087_AMBR_R4,DDB_PD_087,2.96,17/12/2021
DDB_0360,DDB_PD_087_AMBR_R3__S10_RNAseq,DDB_PD_087_AMBR_R3,DDB_PD_087,12.98,17/12/2021
DDB_0361,DDB_PD_087_AMBR_R4__S10_RNAseq,DDB_PD_087_AMBR_R4,DDB_PD_087,13.01,17/12/2021
DDB_0362,DDB_PD_087_AMBR_R7__S03_RNAseq,DDB_PD_087_AMBR_R7,DDB_PD_087,-6.23,17/12/2021
DDB_0363,DDB_PD_087_AMBR_R8__S03_RNAseq,DDB_PD_087_AMBR_R8,DDB_PD_087,-5.44,17/12/2021
DDB_0364,DDB_PD_087_AMBR_R7__S05_RNAseq,DDB_PD_087_AMBR_R7,DDB_PD_087,2.92,17/12/2021
DDB_0365,DDB_PD_087_AMBR_R8__S05_RNAseq,DDB_PD_087_AMBR_R8,DDB_PD_087,2.97,17/12/2021
DDB_0366,DDB_PD_087_AMBR_R7__S09_RNAseq,DDB_PD_087_AMBR_R7,DDB_PD_087,12.92,17/12/2021
DDB_0367,DDB_PD_087_AMBR_R8__S09_RNAseq,DDB_PD_087_AMBR_R8,DDB_PD_087,12.97,17/12/2021
DDB_0368,DDB_PD_099_AMBR_R7_S07_RNAseq_2,DDB_PD_099_AMBR_R7,DDB_PD_099,5.97,25/02/2022
DDB_0369,DDB_PD_099_AMBR_R8__S07_RNAseq_2,DDB_PD_099_AMBR_R8,DDB_PD_099,5.99,25/02/2022
DDB_0370,DDB_PD_099_AMBR_R8_S08_RNAseq_2,DDB_PD_099_AMBR_R8,DDB_PD_099,8.35,25/02/2022
DDB_0371,DDB_PD_099_AMBR_R8_S14_RNAseq_2,DDB_PD_099_AMBR_R8,DDB_PD_099,26.03,25/02/2022
DDB_0372,DDB_PD_099_AMBR_R11_S07_RNAseq_2,DDB_PD_099_AMBR_R11,DDB_PD_099,5.98,25/02/2022
DDB_0373,DDB_PD_099_AMBR_R12_S07_RNAseq_2,DDB_PD_099_AMBR_R12,DDB_PD_099,6.01,25/02/2022
DDB_0374,DDB_PD_099_AMBR_R11_S08_RNAseq_2,DDB_PD_099_AMBR_R11,DDB_PD_099,8.16,25/02/2022
DDB_0375,DDB_PD_099_AMBR_R11_S14_RNAseq_2,DDB_PD_099_AMBR_R11,DDB_PD_099,25.98,25/02/2022
DDB_0376,DDB_PD_099_AMBR_R12_S14_RNAseq_2,DDB_PD_099_AMBR_R12,DDB_PD_099,26.02,25/02/2022
DDB_0377,DDB_PD_099_AMBR_R9_S06_RNAseq_2,DDB_PD_099_AMBR_R9,DDB_PD_099,6.14,25/02/2022
DDB_0378,DDB_PD_099_AMBR_R9_S07_RNAseq_2,DDB_PD_099_AMBR_R9,DDB_PD_099,8.19,25/02/2022
DDB_0379,DDB_PD_099_AMBR_R14_S07_RNAseq_2,DDB_PD_099_AMBR_R14,DDB_PD_099,6,25/02/2022
DDB_0380,DDB_PD_099_AMBR_R13_S07_RNAseq_2,DDB_PD_099_AMBR_R13,DDB_PD_099,6.01,25/02/2022
DDB_0381,DDB_PD_099_AMBR_R14_S08_RNAseq_2,DDB_PD_099_AMBR_R14,DDB_PD_099,8.26,25/02/2022
DDB_0382,DDB_PD_099_AMBR_R13_S08_RNAseq_2,DDB_PD_099_AMBR_R13,DDB_PD_099,8.13,25/02/2022
DDB_0383,DDB_PD_104_AMBR_R7_S07_RNAseq_2,DDB_PD_104_AMBR_R7,DDB_PD_104,5.97,05/04/2022
DDB_0384,DDB_PD_104_AMBR_R8_S07_RNAseq_2,DDB_PD_104_AMBR_R8,DDB_PD_104,6.02,05/04/2022
DDB_0385,DDB_PD_104_AMBR_R7_S08_RNAseq_2,DDB_PD_104_AMBR_R7,DDB_PD_104,8.08,05/04/2022
DDB_0386,DDB_PD_104_AMBR_R8__S08_RNAseq_2,DDB_PD_104_AMBR_R8,DDB_PD_104,8.13,05/04/2022
DDB_0387,DDB_PD_104_AMBR_R7__S14_RNAseq_2,DDB_PD_104_AMBR_R7,DDB_PD_104,26.19,05/04/2022
DDB_0388,DDB_PD_104_AMBR_R8__S14_RNAseq_2,DDB_PD_104_AMBR_R8,DDB_PD_104,26.11,05/04/2022
DDB_0389,DDB_PD_104_AMBR_R12_S08_RNAseq_2,DDB_PD_104_AMBR_R12,DDB_PD_104,5.97,05/04/2022
DDB_0390,DDB_PD_104_AMBR_R11_S08_RNAseq_2,DDB_PD_104_AMBR_R11,DDB_PD_104,6.08,05/04/2022
DDB_0391,DDB_PD_104_AMBR_R12__S09_RNAseq_2,DDB_PD_104_AMBR_R12,DDB_PD_104,8.09,05/04/2022
DDB_0392,DDB_PD_104_AMBR_R11__S09_RNAseq_2,DDB_PD_104_AMBR_R11,DDB_PD_104,8.19,05/04/2022
DDB_0393,DDB_PD_104_AMBR_R12_S15_RNAseq_2,DDB_PD_104_AMBR_R12,DDB_PD_104,25.97,05/04/2022
DDB_0394,DDB_PD_104_AMBR_R11__S15_RNAseq_2,DDB_PD_104_AMBR_R11,DDB_PD_104,26.09,05/04/2022
DDB_0395,DDB_PD_104_AMBR_R9_S07_RNAseq_2,DDB_PD_104_AMBR_R9,DDB_PD_104,6.08,05/04/2022
DDB_0396,DDB_PD_104_AMBR_R10_S07_RNAseq_2,DDB_PD_104_AMBR_R10,DDB_PD_104,6.17,05/04/2022
DDB_0397,DDB_PD_104_AMBR_R9__S08_RNAseq_2,DDB_PD_104_AMBR_R9,DDB_PD_104,8.21,05/04/2022
DDB_0398,DDB_PD_104_AMBR_R10__S08_RNAseq_2,DDB_PD_104_AMBR_R10,DDB_PD_104,8.3,05/04/2022
DDB_0399,DDB_PD_104_AMBR_R9__S14_RNAseq_2,DDB_PD_104_AMBR_R9,DDB_PD_104,26.17,05/04/2022
DDB_0400,DDB_PD_104_AMBR_R10__S14_RNAseq_2,DDB_PD_104_AMBR_R10,DDB_PD_104,26.28,05/04/2022
DDB_0401,DDB_PD_107_AMBR_R01__S1_RNAseq,DDB_PD_107_AMBR_R1,DDB_PD_107,-3.78,15/06/2022
DDB_0402,DDB_PD_107_AMBR_R02__S1_RNAseq,DDB_PD_107_AMBR_R2,DDB_PD_107,-3.01,15/06/2022
DDB_0403,DDB_PD_107_AMBR_R01__S2_RNAseq,DDB_PD_107_AMBR_R1,DDB_PD_107,3.97,15/06/2022
DDB_0404,DDB_PD_107_AMBR_R02__S2_RNAseq,DDB_PD_107_AMBR_R2,DDB_PD_107,3.96,15/06/2022
DDB_0405,DDB_PD_107_AMBR_R01__S3_RNAseq,DDB_PD_107_AMBR_R1,DDB_PD_107,8.03,15/06/2022
DDB_0406,DDB_PD_107_AMBR_R02__S3_RNAseq,DDB_PD_107_AMBR_R2,DDB_PD_107,8.96,15/06/2022
DDB_0407,DDB_PD_107_AMBR_R01__S4_RNAseq,DDB_PD_107_AMBR_R1,DDB_PD_107,11.96,15/06/2022
DDB_0408,DDB_PD_107_AMBR_R02__S4_RNAseq,DDB_PD_107_AMBR_R2,DDB_PD_107,11.96,15/06/2022
DDB_0409,DDB_PD_107_AMBR_R01__S5_RNAseq,DDB_PD_107_AMBR_R1,DDB_PD_107,14.97,15/06/2022
DDB_0410,DDB_PD_107_AMBR_R02__S5_RNAseq,DDB_PD_107_AMBR_R2,DDB_PD_107,15,15/06/2022
DDB_0411,DDB_PD_107_AMBR_R01__S6_RNAseq,DDB_PD_107_AMBR_R1,DDB_PD_107,17.97,15/06/2022
DDB_0412,DDB_PD_107_AMBR_R02__S6_RNAseq,DDB_PD_107_AMBR_R2,DDB_PD_107,17.96,15/06/2022
DDB_0413,DDB_PD_107_AMBR_R01__S7_RNAseq,DDB_PD_107_AMBR_R1,DDB_PD_107,19.97,15/06/2022
DDB_0414,DDB_PD_107_AMBR_R02__S7_RNAseq,DDB_PD_107_AMBR_R2,DDB_PD_107,19.96,15/06/2022
DDB_0415,DDB_PD_107_AMBR_R01__S8_RNAseq,DDB_PD_107_AMBR_R1,DDB_PD_107,24.01,15/06/2022
DDB_0416,DDB_PD_107_AMBR_R02__S8_RNAseq,DDB_PD_107_AMBR_R2,DDB_PD_107,23.96,15/06/2022
DDB_0417,DDB_PD_107_AMBR_R08__S1_RNAseq,DDB_PD_107_AMBR_R8,DDB_PD_107,-10.58,15/06/2022
DDB_0418,DDB_PD_107_AMBR_R09__S1_RNAseq,DDB_PD_107_AMBR_R9,DDB_PD_107,-10.18,15/06/2022
DDB_0419,DDB_PD_107_AMBR_R08__S2_RNAseq,DDB_PD_107_AMBR_R8,DDB_PD_107,3.98,15/06/2022
DDB_0420,DDB_PD_107_AMBR_R09__S2_RNAseq,DDB_PD_107_AMBR_R9,DDB_PD_107,3.96,15/06/2022
DDB_0421,DDB_PD_107_AMBR_R08__S3_RNAseq,DDB_PD_107_AMBR_R8,DDB_PD_107,7.98,15/06/2022
DDB_0422,DDB_PD_107_AMBR_R09__S3_RNAseq,DDB_PD_107_AMBR_R9,DDB_PD_107,7.96,15/06/2022
DDB_0423,DDB_PD_107_AMBR_R08__S4_RNAseq,DDB_PD_107_AMBR_R8,DDB_PD_107,11.98,15/06/2022
DDB_0424,DDB_PD_107_AMBR_R09__S4_RNAseq,DDB_PD_107_AMBR_R9,DDB_PD_107,11.96,15/06/2022
DDB_0425,DDB_PD_107_AMBR_R08__S5_RNAseq,DDB_PD_107_AMBR_R8,DDB_PD_107,14.98,15/06/2022
DDB_0426,DDB_PD_107_AMBR_R09__S5_RNAseq,DDB_PD_107_AMBR_R9,DDB_PD_107,14.95,15/06/2022
DDB_0427,DDB_PD_107_AMBR_R8__S5_RNAseq,DDB_PD_107_AMBR_R8,DDB_PD_107,14.98,15/06/2022
DDB_0428,DDB_PD_107_AMBR_R08__S6_RNAseq,DDB_PD_107_AMBR_R8,DDB_PD_107,17.98,15/06/2022
DDB_0429,DDB_PD_107_AMBR_R09__S6_RNAseq,DDB_PD_107_AMBR_R9,DDB_PD_107,17.95,15/06/2022
DDB_0430,DDB_PD_107_AMBR_R8__S6_RNAseq,DDB_PD_107_AMBR_R8,DDB_PD_107,17.98,15/06/2022
DDB_0431,DDB_PD_107_AMBR_R08__S7_RNAseq,DDB_PD_107_AMBR_R8,DDB_PD_107,19.98,15/06/2022
DDB_0432,DDB_PD_107_AMBR_R09__S7_RNAseq,DDB_PD_107_AMBR_R9,DDB_PD_107,19.96,15/06/2022
DDB_0433,DDB_PD_107_AMBR_R08__S8_RNAseq,DDB_PD_107_AMBR_R8,DDB_PD_107,23.98,15/06/2022
DDB_0434,DDB_PD_107_AMBR_R09__S8_RNAseq,DDB_PD_107_AMBR_R9,DDB_PD_107,23.96,15/06/2022
DDB_0435,DDB_PD_107_AMBR_R05__S1_RNAseq,DDB_PD_107_AMBR_R5,DDB_PD_107,-6.28,15/06/2022
DDB_0436,DDB_PD_107_AMBR_R06__S1_RNAseq,DDB_PD_107_AMBR_R6,DDB_PD_107,-7.24,15/06/2022
DDB_0437,DDB_PD_107_AMBR_R05__S2_RNAseq,DDB_PD_107_AMBR_R5,DDB_PD_107,3.98,15/06/2022
DDB_0438,DDB_PD_107_AMBR_R06__S2_RNAseq,DDB_PD_107_AMBR_R6,DDB_PD_107,3.97,15/06/2022
DDB_0439,DDB_PD_107_AMBR_R05__S3_RNAseq,DDB_PD_107_AMBR_R5,DDB_PD_107,7.98,15/06/2022
DDB_0440,DDB_PD_107_AMBR_R06__S3_RNAseq,DDB_PD_107_AMBR_R6,DDB_PD_107,7.97,15/06/2022
DDB_0441,DDB_PD_107_AMBR_R05__S4_RNAseq,DDB_PD_107_AMBR_R5,DDB_PD_107,11.97,15/06/2022
DDB_0442,DDB_PD_107_AMBR_R06__S4_RNAseq,DDB_PD_107_AMBR_R6,DDB_PD_107,11.97,15/06/2022
DDB_0443,DDB_PD_107_AMBR_R05__S5_RNAseq,DDB_PD_107_AMBR_R5,DDB_PD_107,14.97,15/06/2022
DDB_0444,DDB_PD_107_AMBR_R06__S5_RNAseq,DDB_PD_107_AMBR_R6,DDB_PD_107,14.97,15/06/2022
DDB_0445,DDB_PD_107_AMBR_R05__S6_RNAseq,DDB_PD_107_AMBR_R5,DDB_PD_107,17.97,15/06/2022
DDB_0446,DDB_PD_107_AMBR_R06__S6_RNAseq,DDB_PD_107_AMBR_R6,DDB_PD_107,17.97,15/06/2022
DDB_0447,DDB_PD_107_AMBR_R5__S6_RNAseq,DDB_PD_107_AMBR_R5,DDB_PD_107,17.97,15/06/2022
DDB_0448,DDB_PD_107_AMBR_R05__S7_RNAseq,DDB_PD_107_AMBR_R5,DDB_PD_107,19.97,15/06/2022
DDB_0449,DDB_PD_107_AMBR_R06__S7_RNAseq,DDB_PD_107_AMBR_R6,DDB_PD_107,19.97,15/06/2022
DDB_0450,DDB_PD_107_AMBR_R05__S8_RNAseq,DDB_PD_107_AMBR_R5,DDB_PD_107,23.97,15/06/2022
DDB_0451,DDB_PD_107_AMBR_R06__S8_RNAseq,DDB_PD_107_AMBR_R6,DDB_PD_107,23.97,15/06/2022
DDB_0452,DDB_PD_107_AMBR_R11__S1_RNAseq,DDB_PD_107_AMBR_R11,DDB_PD_107,-12.35,15/06/2022
DDB_0453,DDB_PD_107_AMBR_R12__S1_RNAseq,DDB_PD_107_AMBR_R12,DDB_PD_107,-10.09,15/06/2022
DDB_0454,DDB_PD_107_AMBR_R11__S2_RNAseq,DDB_PD_107_AMBR_R11,DDB_PD_107,3.97,15/06/2022
DDB_0455,DDB_PD_107_AMBR_R12__S2_RNAseq,DDB_PD_107_AMBR_R12,DDB_PD_107,3.96,15/06/2022
DDB_0456,DDB_PD_107_AMBR_R11__S3_RNAseq,DDB_PD_107_AMBR_R11,DDB_PD_107,7.97,15/06/2022
DDB_0457,DDB_PD_107_AMBR_R12__S3_RNAseq,DDB_PD_107_AMBR_R12,DDB_PD_107,7.96,15/06/2022
DDB_0458,DDB_PD_107_AMBR_R11__S4_RNAseq,DDB_PD_107_AMBR_R11,DDB_PD_107,11.99,15/06/2022
DDB_0459,DDB_PD_107_AMBR_R12__S4_RNAseq,DDB_PD_107_AMBR_R12,DDB_PD_107,11.96,15/06/2022
DDB_0460,DDB_PD_107_AMBR_R11__S5_RNAseq,DDB_PD_107_AMBR_R11,DDB_PD_107,15,15/06/2022
DDB_0461,DDB_PD_107_AMBR_R12__S5_RNAseq,DDB_PD_107_AMBR_R12,DDB_PD_107,14.96,15/06/2022
DDB_0462,DDB_PD_107_AMBR_R11__S6_RNAseq,DDB_PD_107_AMBR_R11,DDB_PD_107,17.97,15/06/2022
DDB_0463,DDB_PD_107_AMBR_R12__S6_RNAseq,DDB_PD_107_AMBR_R12,DDB_PD_107,17.96,15/06/2022
DDB_0464,DDB_PD_107_AMBR_R11__S7_RNAseq,DDB_PD_107_AMBR_R11,DDB_PD_107,19.97,15/06/2022
DDB_0465,DDB_PD_107_AMBR_R12__S7_RNAseq,DDB_PD_107_AMBR_R12,DDB_PD_107,19.96,15/06/2022
DDB_0466,DDB_PD_107_AMBR_R11__S8_RNAseq,DDB_PD_107_AMBR_R11,DDB_PD_107,23.97,15/06/2022
DDB_0467,DDB_PD_107_AMBR_R12__S8_RNAseq,DDB_PD_107_AMBR_R12,DDB_PD_107,23.96,15/06/2022
DDB_0468,DDB_PD_110_AMBR_R8__S1_RNAseq,DDB_PD_110_AMBR_R8,DDB_PD_110,-4.78,07/07/2022
DDB_0469,DDB_PD_110_AMBR_R9__S1_RNAseq,DDB_PD_110_AMBR_R9,DDB_PD_110,-5.34,07/07/2022
DDB_0470,DDB_PD_110_AMBR_R8__S2_RNAseq,DDB_PD_110_AMBR_R8,DDB_PD_110,3.95,07/07/2022
DDB_0471,DDB_PD_110_AMBR_R9__S2_RNAseq,DDB_PD_110_AMBR_R9,DDB_PD_110,3.96,07/07/2022
DDB_0472,DDB_PD_110_AMBR_R8__S3_RNAseq,DDB_PD_110_AMBR_R8,DDB_PD_110,7.95,07/07/2022
DDB_0473,DDB_PD_110_AMBR_R9__S3_RNAseq,DDB_PD_110_AMBR_R9,DDB_PD_110,7.96,07/07/2022
DDB_0474,DDB_PD_110_AMBR_R8__S4_RNAseq,DDB_PD_110_AMBR_R8,DDB_PD_110,11.95,07/07/2022
DDB_0475,DDB_PD_110_AMBR_R9__S4_RNAseq,DDB_PD_110_AMBR_R9,DDB_PD_110,11.96,07/07/2022
DDB_0476,DDB_PD_110_AMBR_R8__S5_RNAseq,DDB_PD_110_AMBR_R8,DDB_PD_110,14.95,07/07/2022
DDB_0477,DDB_PD_110_AMBR_R9__S5_RNAseq,DDB_PD_110_AMBR_R9,DDB_PD_110,14.96,07/07/2022
DDB_0478,DDB_PD_110_AMBR_R8__S6_RNAseq,DDB_PD_110_AMBR_R8,DDB_PD_110,17.95,07/07/2022
DDB_0479,DDB_PD_110_AMBR_R9__S6_RNAseq,DDB_PD_110_AMBR_R9,DDB_PD_110,17.96,07/07/2022
DDB_0480,DDB_PD_110_AMBR_R8__S7_RNAseq,DDB_PD_110_AMBR_R8,DDB_PD_110,19.95,07/07/2022
DDB_0481,DDB_PD_110_AMBR_R9__S7_RNAseq,DDB_PD_110_AMBR_R9,DDB_PD_110,19.96,07/07/2022
DDB_0482,DDB_PD_110_AMBR_R8__S8_RNAseq,DDB_PD_110_AMBR_R8,DDB_PD_110,23.95,07/07/2022
DDB_0483,DDB_PD_110_AMBR_R9__S8_RNAseq,DDB_PD_110_AMBR_R9,DDB_PD_110,23.96,07/07/2022
DDB_0484,DDB_PD_110_AMBR_R5__S1_RNAseq,DDB_PD_110_AMBR_R5,DDB_PD_110,-6.08,07/07/2022
DDB_0485,DDB_PD_110_AMBR_R7__S1_RNAseq,DDB_PD_110_AMBR_R7,DDB_PD_110,-5.49,07/07/2022
DDB_0486,DDB_PD_110_AMBR_R5__S2_RNAseq,DDB_PD_110_AMBR_R5,DDB_PD_110,4,07/07/2022
DDB_0487,DDB_PD_110_AMBR_R7__S2_RNAseq,DDB_PD_110_AMBR_R7,DDB_PD_110,3.97,07/07/2022
DDB_0488,DDB_PD_110_AMBR_R5__S3_RNAseq,DDB_PD_110_AMBR_R5,DDB_PD_110,8,07/07/2022
DDB_0489,DDB_PD_110_AMBR_R7__S3_RNAseq,DDB_PD_110_AMBR_R7,DDB_PD_110,7.97,07/07/2022
DDB_0490,DDB_PD_110_AMBR_R5__S4_RNAseq,DDB_PD_110_AMBR_R5,DDB_PD_110,12,07/07/2022
DDB_0491,DDB_PD_110_AMBR_R7__S4_RNAseq,DDB_PD_110_AMBR_R7,DDB_PD_110,11.97,07/07/2022
DDB_0492,DDB_PD_110_AMBR_R5__S5_RNAseq,DDB_PD_110_AMBR_R5,DDB_PD_110,15,07/07/2022
DDB_0493,DDB_PD_110_AMBR_R7__S5_RNAseq,DDB_PD_110_AMBR_R7,DDB_PD_110,14.97,07/07/2022
DDB_0494,DDB_PD_110_AMBR_R5__S6_RNAseq,DDB_PD_110_AMBR_R5,DDB_PD_110,18,07/07/2022
DDB_0495,DDB_PD_110_AMBR_R7__S6_RNAseq,DDB_PD_110_AMBR_R7,DDB_PD_110,17.97,07/07/2022
DDB_0496,DDB_PD_110_AMBR_R5__S7_RNAseq,DDB_PD_110_AMBR_R5,DDB_PD_110,20,07/07/2022
DDB_0497,DDB_PD_110_AMBR_R7__S7_RNAseq,DDB_PD_110_AMBR_R7,DDB_PD_110,19.97,07/07/2022
DDB_0498,DDB_PD_110_AMBR_R5__S8_RNAseq,DDB_PD_110_AMBR_R5,DDB_PD_110,24,07/07/2022
DDB_0499,DDB_PD_110_AMBR_R7__S8_RNAseq,DDB_PD_110_AMBR_R7,DDB_PD_110,23.97,07/07/2022
DDB_0500,DDB_PD_111_AMBR_R07__S1_RNAseq,DDB_PD_111_AMBR_R7,DDB_PD_111,-4.55,03/07/2022
DDB_0501,DDB_PD_111_AMBR_R08__S1_RNAseq,DDB_PD_111_AMBR_R8,DDB_PD_111,-4.56,03/07/2022
DDB_0502,DDB_PD_111_AMBR_R07__S2_RNAseq,DDB_PD_111_AMBR_R7,DDB_PD_111,3.99,03/07/2022
DDB_0503,DDB_PD_111_AMBR_R08__S2_RNAseq,DDB_PD_111_AMBR_R8,DDB_PD_111,3.99,03/07/2022
DDB_0504,DDB_PD_111_AMBR_R07__S3_RNAseq,DDB_PD_111_AMBR_R7,DDB_PD_111,7.99,03/07/2022
DDB_0505,DDB_PD_111_AMBR_R08__S3_RNAseq,DDB_PD_111_AMBR_R8,DDB_PD_111,7.98,03/07/2022
DDB_0506,DDB_PD_111_AMBR_R07__S4_RNAseq,DDB_PD_111_AMBR_R7,DDB_PD_111,11.99,03/07/2022
DDB_0507,DDB_PD_111_AMBR_R08__S4_RNAseq,DDB_PD_111_AMBR_R8,DDB_PD_111,11.99,03/07/2022
DDB_0508,DDB_PD_111_AMBR_R07__S5_RNAseq,DDB_PD_111_AMBR_R7,DDB_PD_111,14.99,03/07/2022
DDB_0509,DDB_PD_111_AMBR_R08__S5_RNAseq,DDB_PD_111_AMBR_R8,DDB_PD_111,14.98,03/07/2022
DDB_0510,DDB_PD_111_AMBR_R07__S6_RNAseq,DDB_PD_111_AMBR_R7,DDB_PD_111,17.99,03/07/2022
DDB_0511,DDB_PD_111_AMBR_R08__S6_RNAseq,DDB_PD_111_AMBR_R8,DDB_PD_111,17.99,03/07/2022
DDB_0512,DDB_PD_111_AMBR_R07__S7_RNAseq,DDB_PD_111_AMBR_R7,DDB_PD_111,19.99,03/07/2022
DDB_0513,DDB_PD_111_AMBR_R08__S7_RNAseq,DDB_PD_111_AMBR_R8,DDB_PD_111,19.98,03/07/2022
DDB_0514,DDB_PD_111_AMBR_R07__S8_RNAseq,DDB_PD_111_AMBR_R7,DDB_PD_111,23.99,03/07/2022
DDB_0515,DDB_PD_111_AMBR_R08__S8_RNAseq,DDB_PD_111_AMBR_R8,DDB_PD_111,23.99,03/07/2022
DDB_0516,DDB_PD_111_AMBR_R10__S1_RNAseq,DDB_PD_111_AMBR_R10,DDB_PD_111,-4.53,03/07/2022
DDB_0517,DDB_PD_111_AMBR_R11__S1_RNAseq,DDB_PD_111_AMBR_R11,DDB_PD_111,-4.63,03/07/2022
DDB_0518,DDB_PD_111_AMBR_R10__S2_RNAseq,DDB_PD_111_AMBR_R10,DDB_PD_111,4,03/07/2022
DDB_0519,DDB_PD_111_AMBR_R11__S2_RNAseq,DDB_PD_111_AMBR_R11,DDB_PD_111,3.98,03/07/2022
DDB_0520,DDB_PD_111_AMBR_R10__S3_RNAseq,DDB_PD_111_AMBR_R10,DDB_PD_111,7.99,03/07/2022
DDB_0521,DDB_PD_111_AMBR_R11__S3_RNAseq,DDB_PD_111_AMBR_R11,DDB_PD_111,7.98,03/07/2022
DDB_0522,DDB_PD_111_AMBR_R10__S4_RNAseq,DDB_PD_111_AMBR_R10,DDB_PD_111,12,03/07/2022
DDB_0523,DDB_PD_111_AMBR_R11__S4_RNAseq,DDB_PD_111_AMBR_R11,DDB_PD_111,11.98,03/07/2022
DDB_0524,DDB_PD_111_AMBR_R10__S5_RNAseq,DDB_PD_111_AMBR_R10,DDB_PD_111,14.99,03/07/2022
DDB_0525,DDB_PD_111_AMBR_R11__S5_RNAseq,DDB_PD_111_AMBR_R11,DDB_PD_111,14.98,03/07/2022
DDB_0526,DDB_PD_111_AMBR_R10__S6_RNAseq,DDB_PD_111_AMBR_R10,DDB_PD_111,17.96,03/07/2022
DDB_0527,DDB_PD_111_AMBR_R11__S6_RNAseq,DDB_PD_111_AMBR_R11,DDB_PD_111,17.98,03/07/2022
DDB_0528,DDB_PD_111_AMBR_R10__S7_RNAseq,DDB_PD_111_AMBR_R10,DDB_PD_111,19.99,03/07/2022
DDB_0529,DDB_PD_111_AMBR_R11__S7_RNAseq,DDB_PD_111_AMBR_R11,DDB_PD_111,19.98,03/07/2022
DDB_0530,DDB_PD_111_AMBR_R10__S8_RNAseq,DDB_PD_111_AMBR_R10,DDB_PD_111,23.96,03/07/2022
DDB_0531,DDB_PD_111_AMBR_R11__S8_RNAseq,DDB_PD_111_AMBR_R11,DDB_PD_111,23.98,03/07/2022